User ID,Name,Gender,Age,Skills I Want,Category (Skills I Want),Skills I Have,Category (Skills I Have),,Availability
1,Noor Usman,Female,21,Food Decoration,Culinary Skills,Time Management & Productivity,Personal Development,,"Friday, Saturday"
2,Rabia Tariq,Female,22,Event Planning,Personal Development,Calligraphy,Creative Skills,,"Monday, Sunday"
3,Fahad Javed,Male,23,Web Design & Development,Technical Skills,Calligraphy,Creative Skills,,"Friday, Wednesday, Sunday"
4,Bilal Ahmed,Male,18,IT Support & Networking,Technical Skills,Data Analysis & Visualization,Technical Skills,,"Friday, Sunday, Wednesday, Saturday, Tuesday"
5,Iqra Farooq,Female,21,Web Design & Development,Technical Skills,Fitness & Yoga,Personal Development,,"Thursday, Tuesday, Friday"
6,Hassan Ali,Male,21,Data Analysis & Visualization,Technical Skills,Dancing (Salsa),Hobbies & Recreation,,"Monday, Saturday"
7,Noor Usman,Female,21,Fitness & Yoga,Personal Development,Dancing (Salsa),Hobbies & Recreation,,"Thursday, Wednesday"
8,Maria Javed,Female,21,Gardening & Landscaping,Hobbies & Recreation,Event Planning,Personal Development,,"Friday, Wednesday"
9,Danish Farooq,Male,18,Gardening & Landscaping,Hobbies & Recreation,Chess,Hobbies & Recreation,,"Sunday, Thursday, Wednesday, Tuesday"
10,Zubair Siddiqui,Male,21,Time Management & Productivity,Personal Development,Gardening & Landscaping,Hobbies & Recreation,,"Thursday, Friday, Wednesday, Saturday, Tuesday"
11,Iqra Farooq,Female,24,Programming & Software Development,Technical Skills,IT Support & Networking,Technical Skills,,"Friday, Sunday, Saturday"
12,Adeel Malik,Male,24,Data Analysis & Visualization,Technical Skills,Sewing,Hobbies & Recreation,,"Sunday, Wednesday, Monday, Saturday, Friday"
13,Hassan Ali,Male,21,Programming & Software Development,Technical Skills,Baking & Cooking,Culinary Skills,,"Sunday, Saturday, Tuesday"
14,Ali Raza,Male,22,Web Design & Development,Technical Skills,Foreign Languages (English),Languages & Communication,,"Friday, Wednesday, Saturday, Thursday, Tuesday"
15,Hamza Tariq,Male,23,IT Support & Networking,Technical Skills,Sewing,Hobbies & Recreation,,"Saturday, Friday, Thursday"
16,Zubair Siddiqui,Male,22,Web Design & Development,Technical Skills,Painting & Drawing,Creative Skills,,"Wednesday, Tuesday"
17,Ahmed Khan,Male,22,Data Analysis & Visualization,Technical Skills,Photography,Creative Skills,,"Sunday, Friday, Tuesday, Wednesday"
18,Ayesha Ahmed,Female,23,Writing for Business,Languages & Communication,Foreign Languages (English),Languages & Communication,,"Friday, Thursday"
19,Ayesha Ahmed,Female,23,Calligraphy,Creative Skills,Foreign Languages (English),Languages & Communication,,"Thursday, Tuesday"
20,Fatima Hassan,Female,23,Fitness & Yoga,Personal Development,Foreign Languages (English),Languages & Communication,,"Thursday, Saturday, Friday, Wednesday"
21,Zubair Siddiqui,Male,20,Food Decoration,Culinary Skills,Baking & Cooking,Culinary Skills,,"Monday, Sunday"
22,Ayesha Ahmed,Female,20,Calligraphy,Creative Skills,Writing for Business,Languages & Communication,,"Thursday, Friday"
23,Iqra Farooq,Female,21,Mindfulness & Wellness,Personal Development,Time Management & Productivity,Personal Development,,"Thursday, Friday, Saturday, Tuesday"
24,Adeel Malik,Male,19,Writing for Business,Languages & Communication,IT Support & Networking,Technical Skills,,"Sunday, Thursday"
25,Maria Javed,Female,23,Chess,Hobbies & Recreation,Food Decoration,Culinary Skills,,"Tuesday, Saturday"
26,Danish Farooq,Male,19,Mindfulness & Wellness,Personal Development,Gardening & Landscaping,Hobbies & Recreation,,"Wednesday, Saturday, Monday, Sunday, Tuesday"
27,Ali Raza,Male,18,Painting & Drawing,Creative Skills,Gardening & Landscaping,Hobbies & Recreation,,"Friday, Thursday, Saturday, Tuesday, Sunday"
28,Adeel Malik,Male,20,Dancing (Salsa),Hobbies & Recreation,Fitness & Yoga,Personal Development,,"Friday, Monday, Sunday, Wednesday"
29,Hira Ali,Female,18,Web Design & Development,Technical Skills,Painting & Drawing,Creative Skills,,"Friday, Saturday, Wednesday, Sunday, Monday"
30,Ayesha Ahmed,Female,19,Public Speaking & Presentation Skills,Languages & Communication,Baking & Cooking,Culinary Skills,,"Thursday, Wednesday"
31,Noor Usman,Female,18,Photography,Creative Skills,Graphic Design,Creative Skills,,"Saturday, Thursday, Sunday, Wednesday, Monday"
32,Rabia Tariq,Female,24,Painting & Drawing,Creative Skills,Chess,Hobbies & Recreation,,"Wednesday, Tuesday"
33,Hamza Tariq,Male,21,Gardening & Landscaping,Hobbies & Recreation,Writing for Business,Languages & Communication,,"Thursday, Tuesday, Friday"
34,Bilal Ahmed,Male,24,Data Analysis & Visualization,Technical Skills,Foreign Languages (English),Languages & Communication,,"Monday, Wednesday"
35,Hamza Tariq,Male,18,Calligraphy,Creative Skills,Writing for Business,Languages & Communication,,"Thursday, Monday, Saturday"
36,Ayesha Ahmed,Female,24,Public Speaking & Presentation Skills,Languages & Communication,Mindfulness & Wellness,Personal Development,,"Thursday, Tuesday, Sunday, Friday"
37,Ali Raza,Male,20,IT Support & Networking,Technical Skills,Gardening & Landscaping,Hobbies & Recreation,,"Monday, Thursday, Friday"
38,Fatima Hassan,Female,23,Food Decoration,Culinary Skills,Writing for Business,Languages & Communication,,"Saturday, Thursday, Monday, Friday"
39,Rabia Tariq,Female,22,Calligraphy,Creative Skills,IT Support & Networking,Technical Skills,,"Monday, Sunday, Saturday, Wednesday"
40,Ahmed Khan,Male,23,Time Management & Productivity,Personal Development,Gardening & Landscaping,Hobbies & Recreation,,"Thursday, Saturday"
41,Maria Javed,Female,24,Mindfulness & Wellness,Personal Development,Foreign Languages (English),Languages & Communication,,"Wednesday, Tuesday, Saturday"
42,Bilal Ahmed,Male,19,Baking & Cooking,Culinary Skills,Photography,Creative Skills,,"Friday, Monday, Saturday"
43,Fatima Hassan,Female,24,Chess,Hobbies & Recreation,Dancing (Salsa),Hobbies & Recreation,,"Tuesday, Wednesday, Saturday"
44,Iqra Farooq,Female,23,Mindfulness & Wellness,Personal Development,Sewing,Hobbies & Recreation,,"Thursday, Wednesday, Friday, Tuesday"
45,Iqra Farooq,Female,22,Public Speaking & Presentation Skills,Languages & Communication,Photography,Creative Skills,,"Saturday, Thursday, Monday, Wednesday"
46,Danish Farooq,Male,23,Writing for Business,Languages & Communication,Graphic Design,Creative Skills,,"Wednesday, Tuesday, Saturday, Thursday, Sunday"
47,Usman Iqbal,Male,23,Food Decoration,Culinary Skills,Public Speaking & Presentation Skills,Languages & Communication,,"Thursday, Monday, Tuesday, Sunday, Saturday"
48,Hassan Ali,Male,19,IT Support & Networking,Technical Skills,Sewing,Hobbies & Recreation,,"Tuesday, Sunday, Friday, Thursday, Saturday"
49,Bilal Ahmed,Male,21,Gardening & Landscaping,Hobbies & Recreation,Food Decoration,Culinary Skills,,"Monday, Sunday, Thursday, Saturday"
50,Zubair Siddiqui,Male,18,Baking & Cooking,Culinary Skills,Sewing,Hobbies & Recreation,,"Monday, Sunday, Wednesday, Saturday, Friday"
51,Rabia Tariq,Female,19,Event Planning,Personal Development,Calligraphy,Creative Skills,,"Saturday, Wednesday"
52,Ayesha Ahmed,Female,23,Graphic Design,Creative Skills,Writing for Business,Languages & Communication,,"Thursday, Sunday, Saturday"
53,Fahad Javed,Male,18,Fitness & Yoga,Personal Development,Baking & Cooking,Culinary Skills,,"Saturday, Sunday, Tuesday, Monday, Thursday"
54,Amna Malik,Female,21,Mindfulness & Wellness,Personal Development,Writing for Business,Languages & Communication,,"Friday, Wednesday, Saturday, Tuesday, Sunday"
55,Zainab Siddiqui,Female,19,Baking & Cooking,Culinary Skills,Fitness & Yoga,Personal Development,,"Tuesday, Sunday, Wednesday"
56,Ahmed Khan,Male,18,Public Speaking & Presentation Skills,Languages & Communication,Mindfulness & Wellness,Personal Development,,"Tuesday, Monday, Saturday"
57,Noor Usman,Female,18,Programming & Software Development,Technical Skills,Web Design & Development,Technical Skills,,"Wednesday, Sunday, Saturday, Thursday"
58,Bilal Ahmed,Male,22,Graphic Design,Creative Skills,Painting & Drawing,Creative Skills,,"Monday, Thursday, Tuesday"
59,Ahmed Khan,Male,18,Dancing (Salsa),Hobbies & Recreation,Photography,Creative Skills,,"Wednesday, Saturday, Tuesday, Monday, Thursday"
60,Maria Javed,Female,20,Programming & Software Development,Technical Skills,Data Analysis & Visualization,Technical Skills,,"Thursday, Saturday"
61,Zainab Siddiqui,Female,18,Time Management & Productivity,Personal Development,Writing for Business,Languages & Communication,,"Monday, Friday"
62,Rabia Tariq,Female,22,Baking & Cooking,Culinary Skills,Photography,Creative Skills,,"Monday, Tuesday, Wednesday, Saturday"
63,Noor Usman,Female,23,Dancing (Salsa),Hobbies & Recreation,Graphic Design,Creative Skills,,"Tuesday, Saturday, Wednesday, Friday"
64,Ahmed Khan,Male,19,Fitness & Yoga,Personal Development,Programming & Software Development,Technical Skills,,"Tuesday, Sunday"
65,Ali Raza,Male,20,Photography,Creative Skills,Writing for Business,Languages & Communication,,"Monday, Thursday, Wednesday, Saturday"
66,Hira Ali,Female,21,Sewing,Hobbies & Recreation,Calligraphy,Creative Skills,,"Saturday, Sunday, Wednesday, Friday"
67,Rabia Tariq,Female,22,Time Management & Productivity,Personal Development,Chess,Hobbies & Recreation,,"Sunday, Wednesday, Friday, Tuesday, Thursday"
68,Ahmed Khan,Male,18,Foreign Languages (English),Languages & Communication,Mindfulness & Wellness,Personal Development,,"Monday, Tuesday"
69,Usman Iqbal,Male,24,Event Planning,Personal Development,Graphic Design,Creative Skills,,"Saturday, Sunday, Tuesday, Monday"
70,Ahmed Khan,Male,18,Graphic Design,Creative Skills,Food Decoration,Culinary Skills,,"Wednesday, Friday, Tuesday, Sunday"
71,Iqra Farooq,Female,22,Data Analysis & Visualization,Technical Skills,Foreign Languages (English),Languages & Communication,,"Thursday, Tuesday, Wednesday"
72,Hira Ali,Female,23,Painting & Drawing,Creative Skills,Data Analysis & Visualization,Technical Skills,,"Sunday, Monday, Tuesday"
73,Usman Iqbal,Male,21,Mindfulness & Wellness,Personal Development,Sewing,Hobbies & Recreation,,"Sunday, Monday, Saturday, Tuesday, Friday"
74,Noor Usman,Female,20,Writing for Business,Languages & Communication,Public Speaking & Presentation Skills,Languages & Communication,,"Sunday, Friday, Tuesday, Saturday"
75,Sana Khan,Female,23,Programming & Software Development,Technical Skills,Chess,Hobbies & Recreation,,"Sunday, Monday, Thursday, Saturday, Friday"
76,Hira Ali,Female,23,Data Analysis & Visualization,Technical Skills,Mindfulness & Wellness,Personal Development,,"Monday, Friday, Wednesday"
77,Fatima Hassan,Female,20,Calligraphy,Creative Skills,Fitness & Yoga,Personal Development,,"Saturday, Monday"
78,Fatima Hassan,Female,24,Food Decoration,Culinary Skills,Public Speaking & Presentation Skills,Languages & Communication,,"Saturday, Monday, Tuesday, Friday"
79,Sana Khan,Female,20,Gardening & Landscaping,Hobbies & Recreation,Event Planning,Personal Development,,"Tuesday, Monday, Sunday, Friday, Thursday"
80,Hira Ali,Female,22,Photography,Creative Skills,Chess,Hobbies & Recreation,,"Saturday, Tuesday, Sunday, Thursday, Wednesday"
81,Hassan Ali,Male,19,Mindfulness & Wellness,Personal Development,Food Decoration,Culinary Skills,,"Wednesday, Sunday, Tuesday"
82,Danish Farooq,Male,23,Chess,Hobbies & Recreation,Mindfulness & Wellness,Personal Development,,"Monday, Sunday"
83,Hamza Tariq,Male,22,Painting & Drawing,Creative Skills,Time Management & Productivity,Personal Development,,"Saturday, Friday"
84,Noor Usman,Female,18,Dancing (Salsa),Hobbies & Recreation,Sewing,Hobbies & Recreation,,"Thursday, Wednesday, Monday, Saturday, Tuesday"
85,Hira Ali,Female,24,Dancing (Salsa),Hobbies & Recreation,Calligraphy,Creative Skills,,"Tuesday, Sunday, Wednesday, Friday, Monday"
86,Fahad Javed,Male,22,Food Decoration,Culinary Skills,Dancing (Salsa),Hobbies & Recreation,,"Monday, Friday, Sunday, Tuesday"
87,Adeel Malik,Male,22,Dancing (Salsa),Hobbies & Recreation,Foreign Languages (English),Languages & Communication,,"Friday, Sunday"
88,Hassan Ali,Male,19,Time Management & Productivity,Personal Development,Food Decoration,Culinary Skills,,"Tuesday, Friday, Sunday"
89,Danish Farooq,Male,23,Time Management & Productivity,Personal Development,Food Decoration,Culinary Skills,,"Sunday, Wednesday, Monday, Saturday, Friday"
90,Danish Farooq,Male,21,Public Speaking & Presentation Skills,Languages & Communication,Data Analysis & Visualization,Technical Skills,,"Sunday, Monday"
91,Hira Ali,Female,18,Calligraphy,Creative Skills,Mindfulness & Wellness,Personal Development,,"Monday, Saturday, Wednesday, Friday"
92,Fatima Hassan,Female,22,Data Analysis & Visualization,Technical Skills,Chess,Hobbies & Recreation,,"Sunday, Thursday, Saturday, Wednesday"
93,Usman Iqbal,Male,19,Writing for Business,Languages & Communication,Food Decoration,Culinary Skills,,"Tuesday, Monday"
94,Danish Farooq,Male,21,Public Speaking & Presentation Skills,Languages & Communication,Painting & Drawing,Creative Skills,,"Thursday, Wednesday, Saturday"
95,Hassan Ali,Male,18,Data Analysis & Visualization,Technical Skills,Time Management & Productivity,Personal Development,,"Thursday, Tuesday"
96,Fatima Hassan,Female,19,Gardening & Landscaping,Hobbies & Recreation,Writing for Business,Languages & Communication,,"Saturday, Friday, Thursday, Tuesday"
97,Noor Usman,Female,23,Gardening & Landscaping,Hobbies & Recreation,IT Support & Networking,Technical Skills,,"Thursday, Tuesday"
98,Amna Malik,Female,22,Baking & Cooking,Culinary Skills,Painting & Drawing,Creative Skills,,"Wednesday, Sunday, Tuesday"
99,Noor Usman,Female,20,Data Analysis & Visualization,Technical Skills,Fitness & Yoga,Personal Development,,"Saturday, Wednesday, Friday, Tuesday, Monday"
100,Zubair Siddiqui,Male,23,Fitness & Yoga,Personal Development,Food Decoration,Culinary Skills,,"Tuesday, Sunday, Wednesday, Thursday, Monday"
101,Maria Javed,Female,24,Food Decoration,Culinary Skills,Baking & Cooking,Culinary Skills,,"Friday, Thursday, Monday, Saturday, Wednesday"
102,Sana Khan,Female,19,Photography,Creative Skills,Sewing,Hobbies & Recreation,,"Monday, Wednesday, Saturday"
103,Adeel Malik,Male,20,Photography,Creative Skills,IT Support & Networking,Technical Skills,,"Friday, Wednesday, Monday, Sunday"
104,Sana Khan,Female,18,Time Management & Productivity,Personal Development,Data Analysis & Visualization,Technical Skills,,"Wednesday, Thursday, Saturday, Tuesday"
105,Ahmed Khan,Male,18,IT Support & Networking,Technical Skills,Programming & Software Development,Technical Skills,,"Thursday, Sunday, Monday, Friday"
106,Usman Iqbal,Male,20,Gardening & Landscaping,Hobbies & Recreation,Mindfulness & Wellness,Personal Development,,"Sunday, Wednesday, Friday, Tuesday"
107,Noor Usman,Female,23,Chess,Hobbies & Recreation,Programming & Software Development,Technical Skills,,"Thursday, Sunday, Monday, Tuesday, Wednesday"
108,Maria Javed,Female,23,Gardening & Landscaping,Hobbies & Recreation,IT Support & Networking,Technical Skills,,"Tuesday, Sunday, Saturday, Monday"
109,Noor Usman,Female,19,Dancing (Salsa),Hobbies & Recreation,Photography,Creative Skills,,"Saturday, Tuesday, Friday, Wednesday"
110,Zubair Siddiqui,Male,18,Graphic Design,Creative Skills,Baking & Cooking,Culinary Skills,,"Sunday, Friday, Wednesday, Thursday, Saturday"
111,Zubair Siddiqui,Male,22,Food Decoration,Culinary Skills,Chess,Hobbies & Recreation,,"Sunday, Wednesday"
112,Amna Malik,Female,18,Gardening & Landscaping,Hobbies & Recreation,Chess,Hobbies & Recreation,,"Sunday, Monday, Saturday, Tuesday"
113,Hamza Tariq,Male,24,Chess,Hobbies & Recreation,Food Decoration,Culinary Skills,,"Thursday, Wednesday, Saturday, Friday"
114,Rabia Tariq,Female,22,Fitness & Yoga,Personal Development,Foreign Languages (English),Languages & Communication,,"Friday, Monday"
115,Ali Raza,Male,21,Programming & Software Development,Technical Skills,Baking & Cooking,Culinary Skills,,"Friday, Wednesday, Monday"
116,Danish Farooq,Male,21,Event Planning,Personal Development,Time Management & Productivity,Personal Development,,"Thursday, Tuesday"
117,Maria Javed,Female,22,Mindfulness & Wellness,Personal Development,Time Management & Productivity,Personal Development,,"Saturday, Monday, Friday"
118,Iqra Farooq,Female,19,Writing for Business,Languages & Communication,Gardening & Landscaping,Hobbies & Recreation,,"Tuesday, Saturday, Thursday"
119,Usman Iqbal,Male,21,IT Support & Networking,Technical Skills,Data Analysis & Visualization,Technical Skills,,"Friday, Saturday"
120,Usman Iqbal,Male,20,Event Planning,Personal Development,Chess,Hobbies & Recreation,,"Monday, Friday"
121,Adeel Malik,Male,22,Event Planning,Personal Development,Calligraphy,Creative Skills,,"Tuesday, Sunday, Wednesday, Thursday"
122,Sana Khan,Female,23,Baking & Cooking,Culinary Skills,Web Design & Development,Technical Skills,,"Friday, Tuesday, Thursday, Sunday"
123,Rabia Tariq,Female,21,Gardening & Landscaping,Hobbies & Recreation,Foreign Languages (English),Languages & Communication,,"Saturday, Tuesday, Sunday"
124,Ayesha Ahmed,Female,21,Photography,Creative Skills,Food Decoration,Culinary Skills,,"Saturday, Friday, Thursday, Tuesday"
125,Ali Raza,Male,24,Calligraphy,Creative Skills,Web Design & Development,Technical Skills,,"Friday, Monday"
126,Usman Iqbal,Male,19,Dancing (Salsa),Hobbies & Recreation,Baking & Cooking,Culinary Skills,,"Wednesday, Friday, Sunday"
127,Ahmed Khan,Male,22,Baking & Cooking,Culinary Skills,Sewing,Hobbies & Recreation,,"Saturday, Sunday, Friday, Monday, Thursday"
128,Ali Raza,Male,22,Data Analysis & Visualization,Technical Skills,Gardening & Landscaping,Hobbies & Recreation,,"Tuesday, Wednesday, Thursday, Friday"
129,Zubair Siddiqui,Male,20,Painting & Drawing,Creative Skills,Data Analysis & Visualization,Technical Skills,,"Wednesday, Monday"
130,Hira Ali,Female,22,Baking & Cooking,Culinary Skills,Foreign Languages (English),Languages & Communication,,"Wednesday, Thursday"
131,Ali Raza,Male,19,Foreign Languages (English),Languages & Communication,Calligraphy,Creative Skills,,"Wednesday, Sunday, Monday"
132,Bilal Ahmed,Male,21,Painting & Drawing,Creative Skills,Baking & Cooking,Culinary Skills,,"Friday, Tuesday, Wednesday, Saturday, Monday"
133,Rabia Tariq,Female,23,Dancing (Salsa),Hobbies & Recreation,Writing for Business,Languages & Communication,,"Wednesday, Thursday"
134,Bilal Ahmed,Male,18,IT Support & Networking,Technical Skills,Baking & Cooking,Culinary Skills,,"Wednesday, Saturday, Thursday, Sunday, Monday"
135,Maria Javed,Female,19,Baking & Cooking,Culinary Skills,Calligraphy,Creative Skills,,"Wednesday, Tuesday, Saturday, Friday"
136,Zainab Siddiqui,Female,22,Calligraphy,Creative Skills,Public Speaking & Presentation Skills,Languages & Communication,,"Tuesday, Friday, Saturday, Thursday, Sunday"
137,Usman Iqbal,Male,24,Calligraphy,Creative Skills,Writing for Business,Languages & Communication,,"Friday, Saturday, Tuesday, Thursday"
138,Ayesha Ahmed,Female,19,Fitness & Yoga,Personal Development,Foreign Languages (English),Languages & Communication,,"Friday, Sunday, Monday, Wednesday"
139,Iqra Farooq,Female,23,Graphic Design,Creative Skills,Public Speaking & Presentation Skills,Languages & Communication,,"Tuesday, Saturday, Thursday, Sunday"
140,Fahad Javed,Male,22,Fitness & Yoga,Personal Development,Time Management & Productivity,Personal Development,,"Friday, Saturday, Thursday, Tuesday, Wednesday"
141,Iqra Farooq,Female,20,Fitness & Yoga,Personal Development,Calligraphy,Creative Skills,,"Sunday, Thursday, Friday"
142,Ali Raza,Male,20,Calligraphy,Creative Skills,Programming & Software Development,Technical Skills,,"Sunday, Tuesday, Friday"
143,Bilal Ahmed,Male,19,Time Management & Productivity,Personal Development,Public Speaking & Presentation Skills,Languages & Communication,,"Saturday, Wednesday, Sunday"
144,Sana Khan,Female,24,Baking & Cooking,Culinary Skills,Writing for Business,Languages & Communication,,"Wednesday, Saturday, Thursday"
145,Ali Raza,Male,23,IT Support & Networking,Technical Skills,Fitness & Yoga,Personal Development,,"Friday, Tuesday, Wednesday, Monday, Sunday"
146,Zainab Siddiqui,Female,22,Painting & Drawing,Creative Skills,Sewing,Hobbies & Recreation,,"Wednesday, Friday"
147,Danish Farooq,Male,23,Web Design & Development,Technical Skills,Dancing (Salsa),Hobbies & Recreation,,"Friday, Wednesday, Sunday"
148,Fahad Javed,Male,19,Programming & Software Development,Technical Skills,Gardening & Landscaping,Hobbies & Recreation,,"Sunday, Thursday, Wednesday, Friday, Monday"
149,Ali Raza,Male,23,Calligraphy,Creative Skills,Mindfulness & Wellness,Personal Development,,"Wednesday, Saturday, Thursday, Tuesday, Monday"
150,Amna Malik,Female,22,Dancing (Salsa),Hobbies & Recreation,Fitness & Yoga,Personal Development,,"Thursday, Sunday"
151,Hira Ali,Female,22,Programming & Software Development,Technical Skills,Sewing,Hobbies & Recreation,,"Friday, Wednesday, Tuesday"
152,Amna Malik,Female,22,Gardening & Landscaping,Hobbies & Recreation,Calligraphy,Creative Skills,,"Sunday, Friday, Monday, Thursday"
153,Amna Malik,Female,23,Food Decoration,Culinary Skills,Public Speaking & Presentation Skills,Languages & Communication,,"Wednesday, Tuesday"
154,Hira Ali,Female,20,Painting & Drawing,Creative Skills,Sewing,Hobbies & Recreation,,"Saturday, Tuesday, Friday, Thursday"
155,Ayesha Ahmed,Female,21,Public Speaking & Presentation Skills,Languages & Communication,Fitness & Yoga,Personal Development,,"Sunday, Thursday, Saturday, Tuesday"
156,Usman Iqbal,Male,20,Writing for Business,Languages & Communication,Food Decoration,Culinary Skills,,"Friday, Tuesday, Monday, Sunday, Wednesday"
157,Sana Khan,Female,21,IT Support & Networking,Technical Skills,Food Decoration,Culinary Skills,,"Saturday, Thursday, Friday, Tuesday, Wednesday"
158,Hassan Ali,Male,21,Programming & Software Development,Technical Skills,Calligraphy,Creative Skills,,"Friday, Tuesday, Sunday, Wednesday, Thursday"
159,Amna Malik,Female,21,Time Management & Productivity,Personal Development,Sewing,Hobbies & Recreation,,"Wednesday, Thursday, Saturday, Tuesday"
160,Ali Raza,Male,22,Foreign Languages (English),Languages & Communication,Baking & Cooking,Culinary Skills,,"Sunday, Monday, Tuesday, Friday"
161,Iqra Farooq,Female,20,Web Design & Development,Technical Skills,Event Planning,Personal Development,,"Friday, Monday, Wednesday, Tuesday, Sunday"
162,Ayesha Ahmed,Female,18,Mindfulness & Wellness,Personal Development,Public Speaking & Presentation Skills,Languages & Communication,,"Thursday, Sunday, Friday, Tuesday, Saturday"
163,Zainab Siddiqui,Female,20,Baking & Cooking,Culinary Skills,Mindfulness & Wellness,Personal Development,,"Thursday, Friday"
164,Fatima Hassan,Female,23,Baking & Cooking,Culinary Skills,Food Decoration,Culinary Skills,,"Sunday, Tuesday, Saturday, Thursday"
165,Ahmed Khan,Male,24,Time Management & Productivity,Personal Development,Web Design & Development,Technical Skills,,"Thursday, Friday, Monday, Wednesday"
166,Maria Javed,Female,24,Public Speaking & Presentation Skills,Languages & Communication,Data Analysis & Visualization,Technical Skills,,"Wednesday, Thursday, Monday, Tuesday, Saturday"
167,Danish Farooq,Male,18,Food Decoration,Culinary Skills,Painting & Drawing,Creative Skills,,"Saturday, Wednesday, Monday, Sunday, Tuesday"
168,Rabia Tariq,Female,24,Time Management & Productivity,Personal Development,Painting & Drawing,Creative Skills,,"Monday, Thursday, Wednesday"
169,Zainab Siddiqui,Female,20,Programming & Software Development,Technical Skills,Public Speaking & Presentation Skills,Languages & Communication,,"Saturday, Friday, Tuesday"
170,Rabia Tariq,Female,18,Dancing (Salsa),Hobbies & Recreation,Programming & Software Development,Technical Skills,,"Saturday, Friday, Wednesday, Thursday, Monday"
171,Bilal Ahmed,Male,22,Event Planning,Personal Development,Chess,Hobbies & Recreation,,"Friday, Sunday, Thursday"
172,Usman Iqbal,Male,23,Web Design & Development,Technical Skills,Event Planning,Personal Development,,"Tuesday, Monday, Saturday, Thursday, Sunday"
173,Sana Khan,Female,23,Data Analysis & Visualization,Technical Skills,Painting & Drawing,Creative Skills,,"Wednesday, Sunday"
174,Hamza Tariq,Male,18,Mindfulness & Wellness,Personal Development,Photography,Creative Skills,,"Monday, Friday, Saturday"
175,Ali Raza,Male,18,Mindfulness & Wellness,Personal Development,Photography,Creative Skills,,"Monday, Sunday"
176,Sana Khan,Female,20,Painting & Drawing,Creative Skills,Food Decoration,Culinary Skills,,"Wednesday, Monday, Tuesday, Friday"
177,Rabia Tariq,Female,19,Foreign Languages (English),Languages & Communication,Data Analysis & Visualization,Technical Skills,,"Tuesday, Wednesday, Thursday, Monday"
178,Fahad Javed,Male,23,Event Planning,Personal Development,IT Support & Networking,Technical Skills,,"Sunday, Saturday"
179,Ayesha Ahmed,Female,19,Writing for Business,Languages & Communication,Chess,Hobbies & Recreation,,"Monday, Sunday, Tuesday, Friday, Thursday"
180,Sana Khan,Female,22,Calligraphy,Creative Skills,Programming & Software Development,Technical Skills,,"Thursday, Tuesday"
181,Ali Raza,Male,19,IT Support & Networking,Technical Skills,Food Decoration,Culinary Skills,,"Saturday, Sunday"
182,Adeel Malik,Male,18,Calligraphy,Creative Skills,Writing for Business,Languages & Communication,,"Sunday, Wednesday, Tuesday, Thursday"
183,Sana Khan,Female,24,Foreign Languages (English),Languages & Communication,Food Decoration,Culinary Skills,,"Monday, Friday, Saturday, Tuesday"
184,Ali Raza,Male,23,Gardening & Landscaping,Hobbies & Recreation,Writing for Business,Languages & Communication,,"Tuesday, Saturday, Sunday, Monday, Thursday"
185,Hira Ali,Female,22,Dancing (Salsa),Hobbies & Recreation,Painting & Drawing,Creative Skills,,"Tuesday, Thursday"
186,Hassan Ali,Male,22,Photography,Creative Skills,Painting & Drawing,Creative Skills,,"Monday, Thursday"
187,Zainab Siddiqui,Female,20,Baking & Cooking,Culinary Skills,Fitness & Yoga,Personal Development,,"Sunday, Friday, Wednesday, Tuesday, Saturday"
188,Hassan Ali,Male,20,IT Support & Networking,Technical Skills,Baking & Cooking,Culinary Skills,,"Friday, Thursday, Tuesday, Saturday"
189,Adeel Malik,Male,19,Fitness & Yoga,Personal Development,Painting & Drawing,Creative Skills,,"Thursday, Friday"
190,Adeel Malik,Male,23,Photography,Creative Skills,Foreign Languages (English),Languages & Communication,,"Tuesday, Wednesday"
191,Ayesha Ahmed,Female,22,Public Speaking & Presentation Skills,Languages & Communication,Writing for Business,Languages & Communication,,"Wednesday, Monday, Sunday"
192,Sana Khan,Female,23,Data Analysis & Visualization,Technical Skills,Public Speaking & Presentation Skills,Languages & Communication,,"Sunday, Friday"
193,Noor Usman,Female,21,Data Analysis & Visualization,Technical Skills,Calligraphy,Creative Skills,,"Sunday, Saturday, Wednesday, Friday, Tuesday"
194,Adeel Malik,Male,21,Fitness & Yoga,Personal Development,Programming & Software Development,Technical Skills,,"Thursday, Sunday, Saturday, Friday, Tuesday"
195,Fatima Hassan,Female,20,Graphic Design,Creative Skills,Time Management & Productivity,Personal Development,,"Sunday, Thursday"
196,Usman Iqbal,Male,22,Programming & Software Development,Technical Skills,Public Speaking & Presentation Skills,Languages & Communication,,"Friday, Monday, Sunday, Wednesday, Saturday"
197,Maria Javed,Female,18,Baking & Cooking,Culinary Skills,Calligraphy,Creative Skills,,"Wednesday, Friday, Monday"
198,Ali Raza,Male,22,Gardening & Landscaping,Hobbies & Recreation,Food Decoration,Culinary Skills,,"Thursday, Wednesday, Saturday, Sunday, Tuesday"
199,Hamza Tariq,Male,22,Food Decoration,Culinary Skills,Event Planning,Personal Development,,"Monday, Friday, Thursday, Saturday"
200,Usman Iqbal,Male,23,Programming & Software Development,Technical Skills,Data Analysis & Visualization,Technical Skills,,"Sunday, Tuesday, Saturday, Thursday, Monday"
201,Zainab Siddiqui,Female,18,Foreign Languages (English),Languages & Communication,Programming & Software Development,Technical Skills,,"Sunday, Wednesday, Thursday"
202,Zainab Siddiqui,Female,22,Graphic Design,Creative Skills,Calligraphy,Creative Skills,,"Wednesday, Thursday, Friday, Sunday"
203,Noor Usman,Female,19,Photography,Creative Skills,IT Support & Networking,Technical Skills,,"Sunday, Saturday, Friday, Monday"
204,Hamza Tariq,Male,24,Calligraphy,Creative Skills,Foreign Languages (English),Languages & Communication,,"Tuesday, Monday, Friday, Sunday, Wednesday"
205,Ahmed Khan,Male,23,Event Planning,Personal Development,Graphic Design,Creative Skills,,"Monday, Saturday, Tuesday, Thursday"
206,Zainab Siddiqui,Female,21,Event Planning,Personal Development,Baking & Cooking,Culinary Skills,,"Tuesday, Wednesday, Thursday"
207,Rabia Tariq,Female,20,Sewing,Hobbies & Recreation,Food Decoration,Culinary Skills,,"Sunday, Friday, Tuesday, Monday, Thursday"
208,Sana Khan,Female,20,Data Analysis & Visualization,Technical Skills,Calligraphy,Creative Skills,,"Sunday, Friday"
209,Adeel Malik,Male,24,Foreign Languages (English),Languages & Communication,Gardening & Landscaping,Hobbies & Recreation,,"Friday, Sunday, Wednesday, Thursday, Monday"
210,Hassan Ali,Male,24,Mindfulness & Wellness,Personal Development,Web Design & Development,Technical Skills,,"Monday, Friday, Thursday"
211,Ayesha Ahmed,Female,20,Dancing (Salsa),Hobbies & Recreation,Baking & Cooking,Culinary Skills,,"Thursday, Saturday, Tuesday, Sunday"
212,Danish Farooq,Male,23,Time Management & Productivity,Personal Development,Sewing,Hobbies & Recreation,,"Monday, Tuesday, Sunday"
213,Zubair Siddiqui,Male,20,Dancing (Salsa),Hobbies & Recreation,Photography,Creative Skills,,"Saturday, Wednesday, Friday"
214,Ahmed Khan,Male,19,Photography,Creative Skills,Baking & Cooking,Culinary Skills,,"Friday, Monday, Saturday, Wednesday, Tuesday"
215,Noor Usman,Female,22,Baking & Cooking,Culinary Skills,Foreign Languages (English),Languages & Communication,,"Sunday, Friday, Saturday, Tuesday"
216,Danish Farooq,Male,19,Event Planning,Personal Development,Calligraphy,Creative Skills,,"Sunday, Thursday, Tuesday"
217,Sana Khan,Female,24,Fitness & Yoga,Personal Development,Chess,Hobbies & Recreation,,"Friday, Thursday, Wednesday"
218,Iqra Farooq,Female,18,Public Speaking & Presentation Skills,Languages & Communication,Event Planning,Personal Development,,"Saturday, Thursday"
219,Danish Farooq,Male,18,Painting & Drawing,Creative Skills,Writing for Business,Languages & Communication,,"Saturday, Friday, Monday"
220,Rabia Tariq,Female,20,Sewing,Hobbies & Recreation,Food Decoration,Culinary Skills,,"Tuesday, Wednesday, Saturday, Sunday, Friday"
221,Zainab Siddiqui,Female,24,Web Design & Development,Technical Skills,Gardening & Landscaping,Hobbies & Recreation,,"Sunday, Saturday, Tuesday"
222,Bilal Ahmed,Male,24,Food Decoration,Culinary Skills,Event Planning,Personal Development,,"Friday, Wednesday"
223,Ahmed Khan,Male,21,Baking & Cooking,Culinary Skills,Programming & Software Development,Technical Skills,,"Saturday, Sunday, Friday"
224,Bilal Ahmed,Male,23,Data Analysis & Visualization,Technical Skills,Event Planning,Personal Development,,"Saturday, Tuesday, Thursday"
225,Rabia Tariq,Female,18,Time Management & Productivity,Personal Development,Foreign Languages (English),Languages & Communication,,"Sunday, Wednesday, Thursday, Friday, Tuesday"
226,Noor Usman,Female,23,Data Analysis & Visualization,Technical Skills,Food Decoration,Culinary Skills,,"Saturday, Tuesday, Thursday, Monday, Friday"
227,Usman Iqbal,Male,24,Data Analysis & Visualization,Technical Skills,Programming & Software Development,Technical Skills,,"Saturday, Sunday"
228,Sana Khan,Female,20,Sewing,Hobbies & Recreation,Public Speaking & Presentation Skills,Languages & Communication,,"Tuesday, Saturday, Monday, Wednesday, Friday"
229,Adeel Malik,Male,22,Time Management & Productivity,Personal Development,Baking & Cooking,Culinary Skills,,"Saturday, Sunday, Tuesday, Monday, Friday"
230,Usman Iqbal,Male,20,Food Decoration,Culinary Skills,Dancing (Salsa),Hobbies & Recreation,,"Sunday, Wednesday, Thursday"
231,Maria Javed,Female,21,Baking & Cooking,Culinary Skills,Web Design & Development,Technical Skills,,"Monday, Friday"
232,Hamza Tariq,Male,21,Food Decoration,Culinary Skills,Baking & Cooking,Culinary Skills,,"Saturday, Wednesday, Sunday"
233,Hira Ali,Female,21,Mindfulness & Wellness,Personal Development,Writing for Business,Languages & Communication,,"Wednesday, Sunday"
234,Zubair Siddiqui,Male,24,Dancing (Salsa),Hobbies & Recreation,Painting & Drawing,Creative Skills,,"Sunday, Monday, Thursday"
235,Rabia Tariq,Female,23,Public Speaking & Presentation Skills,Languages & Communication,Event Planning,Personal Development,,"Sunday, Saturday"
236,Hamza Tariq,Male,18,Event Planning,Personal Development,Food Decoration,Culinary Skills,,"Friday, Tuesday, Monday"
237,Iqra Farooq,Female,24,Dancing (Salsa),Hobbies & Recreation,Event Planning,Personal Development,,"Tuesday, Wednesday, Saturday"
238,Adeel Malik,Male,24,Data Analysis & Visualization,Technical Skills,Fitness & Yoga,Personal Development,,"Friday, Monday, Saturday"
239,Sana Khan,Female,21,Time Management & Productivity,Personal Development,Writing for Business,Languages & Communication,,"Friday, Wednesday, Tuesday"
240,Bilal Ahmed,Male,21,Painting & Drawing,Creative Skills,Calligraphy,Creative Skills,,"Thursday, Saturday, Tuesday, Wednesday, Friday"
241,Iqra Farooq,Female,23,Graphic Design,Creative Skills,Sewing,Hobbies & Recreation,,"Saturday, Friday"
242,Danish Farooq,Male,21,Mindfulness & Wellness,Personal Development,Foreign Languages (English),Languages & Communication,,"Tuesday, Wednesday"
243,Adeel Malik,Male,23,Photography,Creative Skills,Chess,Hobbies & Recreation,,"Sunday, Friday, Monday, Tuesday"
244,Amna Malik,Female,19,Time Management & Productivity,Personal Development,Event Planning,Personal Development,,"Tuesday, Friday, Saturday, Monday"
245,Fahad Javed,Male,19,Programming & Software Development,Technical Skills,Painting & Drawing,Creative Skills,,"Friday, Saturday"
246,Ali Raza,Male,19,Mindfulness & Wellness,Personal Development,Writing for Business,Languages & Communication,,"Thursday, Monday, Saturday"
247,Maria Javed,Female,23,Foreign Languages (English),Languages & Communication,Dancing (Salsa),Hobbies & Recreation,,"Wednesday, Thursday, Monday"
248,Noor Usman,Female,18,Sewing,Hobbies & Recreation,Dancing (Salsa),Hobbies & Recreation,,"Monday, Friday"
249,Fatima Hassan,Female,18,Dancing (Salsa),Hobbies & Recreation,Web Design & Development,Technical Skills,,"Monday, Sunday, Tuesday, Thursday"
250,Maria Javed,Female,19,Sewing,Hobbies & Recreation,Baking & Cooking,Culinary Skills,,"Thursday, Friday, Monday"
251,Ali Raza,Male,21,Dancing (Salsa),Hobbies & Recreation,Food Decoration,Culinary Skills,,"Saturday, Tuesday, Sunday, Wednesday"
252,Fahad Javed,Male,21,Public Speaking & Presentation Skills,Languages & Communication,Fitness & Yoga,Personal Development,,"Friday, Saturday"
253,Ayesha Ahmed,Female,18,Web Design & Development,Technical Skills,Data Analysis & Visualization,Technical Skills,,"Monday, Friday, Sunday, Thursday, Saturday"
254,Ayesha Ahmed,Female,19,Foreign Languages (English),Languages & Communication,Writing for Business,Languages & Communication,,"Monday, Friday"
255,Ali Raza,Male,18,IT Support & Networking,Technical Skills,Public Speaking & Presentation Skills,Languages & Communication,,"Tuesday, Friday"
256,Ayesha Ahmed,Female,20,Gardening & Landscaping,Hobbies & Recreation,Baking & Cooking,Culinary Skills,,"Monday, Wednesday, Saturday"
257,Hira Ali,Female,23,Gardening & Landscaping,Hobbies & Recreation,Writing for Business,Languages & Communication,,"Sunday, Monday, Friday, Wednesday"
258,Usman Iqbal,Male,24,Event Planning,Personal Development,Baking & Cooking,Culinary Skills,,"Thursday, Wednesday, Tuesday, Friday"
259,Rabia Tariq,Female,23,Writing for Business,Languages & Communication,Mindfulness & Wellness,Personal Development,,"Wednesday, Thursday, Sunday, Friday"
260,Hira Ali,Female,21,Calligraphy,Creative Skills,Public Speaking & Presentation Skills,Languages & Communication,,"Sunday, Monday, Tuesday, Saturday, Wednesday"
261,Fahad Javed,Male,21,Programming & Software Development,Technical Skills,Dancing (Salsa),Hobbies & Recreation,,"Monday, Thursday"
262,Zainab Siddiqui,Female,23,Food Decoration,Culinary Skills,Sewing,Hobbies & Recreation,,"Tuesday, Thursday, Wednesday, Saturday, Sunday"
263,Zubair Siddiqui,Male,19,Writing for Business,Languages & Communication,Gardening & Landscaping,Hobbies & Recreation,,"Tuesday, Wednesday"
264,Noor Usman,Female,20,Painting & Drawing,Creative Skills,Public Speaking & Presentation Skills,Languages & Communication,,"Wednesday, Friday, Tuesday"
265,Zubair Siddiqui,Male,21,Web Design & Development,Technical Skills,Public Speaking & Presentation Skills,Languages & Communication,,"Monday, Saturday, Sunday, Friday"
266,Rabia Tariq,Female,21,Foreign Languages (English),Languages & Communication,Writing for Business,Languages & Communication,,"Tuesday, Thursday, Saturday, Monday, Wednesday"
267,Rabia Tariq,Female,23,Web Design & Development,Technical Skills,Sewing,Hobbies & Recreation,,"Saturday, Tuesday, Monday"
268,Usman Iqbal,Male,21,Chess,Hobbies & Recreation,IT Support & Networking,Technical Skills,,"Thursday, Saturday, Tuesday, Sunday, Monday"
269,Zainab Siddiqui,Female,23,Food Decoration,Culinary Skills,Data Analysis & Visualization,Technical Skills,,"Saturday, Wednesday, Thursday"
270,Iqra Farooq,Female,21,Programming & Software Development,Technical Skills,Sewing,Hobbies & Recreation,,"Saturday, Tuesday"
271,Danish Farooq,Male,18,Food Decoration,Culinary Skills,Painting & Drawing,Creative Skills,,"Sunday, Saturday"
272,Hassan Ali,Male,20,Baking & Cooking,Culinary Skills,Calligraphy,Creative Skills,,"Sunday, Monday, Tuesday, Wednesday, Friday"
273,Usman Iqbal,Male,21,Chess,Hobbies & Recreation,Baking & Cooking,Culinary Skills,,"Tuesday, Monday, Saturday"
274,Ali Raza,Male,20,Baking & Cooking,Culinary Skills,IT Support & Networking,Technical Skills,,"Sunday, Friday, Tuesday, Thursday"
275,Hamza Tariq,Male,20,Painting & Drawing,Creative Skills,Event Planning,Personal Development,,"Sunday, Monday, Wednesday"
276,Zainab Siddiqui,Female,24,Time Management & Productivity,Personal Development,Public Speaking & Presentation Skills,Languages & Communication,,"Tuesday, Friday"
277,Hassan Ali,Male,19,Baking & Cooking,Culinary Skills,Gardening & Landscaping,Hobbies & Recreation,,"Friday, Wednesday, Sunday, Tuesday"
278,Noor Usman,Female,21,Time Management & Productivity,Personal Development,Public Speaking & Presentation Skills,Languages & Communication,,"Tuesday, Thursday"
279,Danish Farooq,Male,18,Dancing (Salsa),Hobbies & Recreation,Public Speaking & Presentation Skills,Languages & Communication,,"Friday, Thursday, Monday, Tuesday, Sunday"
280,Hira Ali,Female,20,Chess,Hobbies & Recreation,Public Speaking & Presentation Skills,Languages & Communication,,"Tuesday, Wednesday, Sunday"
281,Danish Farooq,Male,24,Web Design & Development,Technical Skills,Writing for Business,Languages & Communication,,"Sunday, Thursday, Friday, Monday"
282,Noor Usman,Female,23,Mindfulness & Wellness,Personal Development,Sewing,Hobbies & Recreation,,"Saturday, Friday, Monday, Wednesday, Thursday"
283,Ayesha Ahmed,Female,24,IT Support & Networking,Technical Skills,Programming & Software Development,Technical Skills,,"Saturday, Thursday"
284,Ahmed Khan,Male,24,Programming & Software Development,Technical Skills,IT Support & Networking,Technical Skills,,"Saturday, Monday, Friday, Sunday, Wednesday"
285,Fatima Hassan,Female,19,Chess,Hobbies & Recreation,Web Design & Development,Technical Skills,,"Thursday, Tuesday, Wednesday, Monday"
286,Hira Ali,Female,22,Gardening & Landscaping,Hobbies & Recreation,Graphic Design,Creative Skills,,"Monday, Saturday"
287,Rabia Tariq,Female,18,Public Speaking & Presentation Skills,Languages & Communication,Baking & Cooking,Culinary Skills,,"Sunday, Monday, Wednesday"
288,Ali Raza,Male,19,Baking & Cooking,Culinary Skills,Food Decoration,Culinary Skills,,"Thursday, Saturday, Monday, Tuesday"
289,Adeel Malik,Male,20,Fitness & Yoga,Personal Development,Foreign Languages (English),Languages & Communication,,"Thursday, Sunday, Friday"
290,Hamza Tariq,Male,24,Painting & Drawing,Creative Skills,Baking & Cooking,Culinary Skills,,"Thursday, Sunday, Friday"
291,Usman Iqbal,Male,22,Mindfulness & Wellness,Personal Development,Baking & Cooking,Culinary Skills,,"Sunday, Tuesday, Wednesday, Thursday, Monday"
292,Iqra Farooq,Female,19,Time Management & Productivity,Personal Development,Writing for Business,Languages & Communication,,"Monday, Sunday, Saturday, Thursday"
293,Rabia Tariq,Female,24,Calligraphy,Creative Skills,Gardening & Landscaping,Hobbies & Recreation,,"Thursday, Friday"
294,Hamza Tariq,Male,24,Dancing (Salsa),Hobbies & Recreation,Sewing,Hobbies & Recreation,,"Wednesday, Saturday, Thursday, Monday, Sunday"
295,Maria Javed,Female,21,Gardening & Landscaping,Hobbies & Recreation,Calligraphy,Creative Skills,,"Sunday, Tuesday"
296,Danish Farooq,Male,20,Web Design & Development,Technical Skills,Foreign Languages (English),Languages & Communication,,"Thursday, Friday, Saturday"
297,Hira Ali,Female,22,Mindfulness & Wellness,Personal Development,Calligraphy,Creative Skills,,"Sunday, Thursday, Friday"
298,Hassan Ali,Male,22,Baking & Cooking,Culinary Skills,Calligraphy,Creative Skills,,"Monday, Tuesday, Saturday"
299,Hira Ali,Female,23,Calligraphy,Creative Skills,Food Decoration,Culinary Skills,,"Monday, Saturday, Thursday, Tuesday, Wednesday"
300,Noor Usman,Female,22,Mindfulness & Wellness,Personal Development,Food Decoration,Culinary Skills,,"Monday, Sunday, Thursday, Saturday, Wednesday"
301,Maria Javed,Female,24,Painting & Drawing,Creative Skills,Data Analysis & Visualization,Technical Skills,,"Saturday, Thursday, Monday, Friday"
302,Iqra Farooq,Female,24,Web Design & Development,Technical Skills,Writing for Business,Languages & Communication,,"Friday, Saturday, Wednesday, Thursday"
303,Zainab Siddiqui,Female,18,Gardening & Landscaping,Hobbies & Recreation,IT Support & Networking,Technical Skills,,"Tuesday, Thursday"
304,Fahad Javed,Male,18,Foreign Languages (English),Languages & Communication,Time Management & Productivity,Personal Development,,"Saturday, Friday"
305,Amna Malik,Female,21,Mindfulness & Wellness,Personal Development,Time Management & Productivity,Personal Development,,"Tuesday, Saturday, Friday"
306,Amna Malik,Female,22,IT Support & Networking,Technical Skills,Food Decoration,Culinary Skills,,"Sunday, Monday, Tuesday, Wednesday, Thursday"
307,Usman Iqbal,Male,18,Baking & Cooking,Culinary Skills,Writing for Business,Languages & Communication,,"Sunday, Thursday, Monday, Friday"
308,Noor Usman,Female,20,Chess,Hobbies & Recreation,Dancing (Salsa),Hobbies & Recreation,,"Monday, Friday"
309,Amna Malik,Female,23,Food Decoration,Culinary Skills,Public Speaking & Presentation Skills,Languages & Communication,,"Sunday, Wednesday, Monday, Tuesday"
310,Adeel Malik,Male,20,Foreign Languages (English),Languages & Communication,Public Speaking & Presentation Skills,Languages & Communication,,"Sunday, Wednesday, Friday, Thursday, Saturday"
311,Hassan Ali,Male,21,Fitness & Yoga,Personal Development,Public Speaking & Presentation Skills,Languages & Communication,,"Saturday, Sunday, Tuesday"
312,Noor Usman,Female,21,Public Speaking & Presentation Skills,Languages & Communication,Event Planning,Personal Development,,"Friday, Monday, Tuesday"
313,Fatima Hassan,Female,20,Chess,Hobbies & Recreation,Data Analysis & Visualization,Technical Skills,,"Monday, Saturday, Thursday, Sunday"
314,Bilal Ahmed,Male,21,Programming & Software Development,Technical Skills,Sewing,Hobbies & Recreation,,"Friday, Monday, Saturday, Sunday"
315,Hamza Tariq,Male,21,Time Management & Productivity,Personal Development,Calligraphy,Creative Skills,,"Sunday, Monday, Thursday, Saturday"
316,Sana Khan,Female,20,Baking & Cooking,Culinary Skills,Data Analysis & Visualization,Technical Skills,,"Wednesday, Sunday"
317,Fahad Javed,Male,21,Photography,Creative Skills,Mindfulness & Wellness,Personal Development,,"Sunday, Wednesday, Thursday, Monday, Friday"
318,Fatima Hassan,Female,19,IT Support & Networking,Technical Skills,Event Planning,Personal Development,,"Monday, Thursday"
319,Ali Raza,Male,21,Data Analysis & Visualization,Technical Skills,Dancing (Salsa),Hobbies & Recreation,,"Sunday, Tuesday, Friday"
320,Ayesha Ahmed,Female,20,Data Analysis & Visualization,Technical Skills,Painting & Drawing,Creative Skills,,"Tuesday, Wednesday, Monday, Friday"
321,Maria Javed,Female,24,Chess,Hobbies & Recreation,Calligraphy,Creative Skills,,"Saturday, Sunday, Tuesday, Wednesday"
322,Zubair Siddiqui,Male,23,Writing for Business,Languages & Communication,Fitness & Yoga,Personal Development,,"Friday, Tuesday"
323,Hassan Ali,Male,18,Graphic Design,Creative Skills,Mindfulness & Wellness,Personal Development,,"Friday, Tuesday, Saturday"
324,Bilal Ahmed,Male,22,Programming & Software Development,Technical Skills,Photography,Creative Skills,,"Wednesday, Saturday"
325,Zainab Siddiqui,Female,19,Graphic Design,Creative Skills,Event Planning,Personal Development,,"Saturday, Sunday"
326,Danish Farooq,Male,21,Food Decoration,Culinary Skills,Mindfulness & Wellness,Personal Development,,"Tuesday, Saturday, Wednesday, Thursday, Sunday"
327,Usman Iqbal,Male,19,Dancing (Salsa),Hobbies & Recreation,Sewing,Hobbies & Recreation,,"Tuesday, Friday"
328,Iqra Farooq,Female,21,Programming & Software Development,Technical Skills,Fitness & Yoga,Personal Development,,"Wednesday, Friday, Tuesday, Sunday"
329,Amna Malik,Female,21,IT Support & Networking,Technical Skills,Public Speaking & Presentation Skills,Languages & Communication,,"Tuesday, Sunday, Wednesday"
330,Zainab Siddiqui,Female,23,Sewing,Hobbies & Recreation,Calligraphy,Creative Skills,,"Thursday, Monday, Sunday, Wednesday, Friday"
331,Iqra Farooq,Female,21,Painting & Drawing,Creative Skills,Programming & Software Development,Technical Skills,,"Sunday, Tuesday, Friday"
332,Fatima Hassan,Female,18,Painting & Drawing,Creative Skills,Baking & Cooking,Culinary Skills,,"Tuesday, Wednesday, Friday"
333,Zubair Siddiqui,Male,24,Public Speaking & Presentation Skills,Languages & Communication,Data Analysis & Visualization,Technical Skills,,"Friday, Saturday"
334,Noor Usman,Female,21,Baking & Cooking,Culinary Skills,Sewing,Hobbies & Recreation,,"Wednesday, Sunday, Tuesday"
335,Usman Iqbal,Male,20,Fitness & Yoga,Personal Development,Public Speaking & Presentation Skills,Languages & Communication,,"Thursday, Wednesday, Monday, Saturday, Friday"
336,Usman Iqbal,Male,19,Baking & Cooking,Culinary Skills,Event Planning,Personal Development,,"Wednesday, Monday"
337,Sana Khan,Female,19,Public Speaking & Presentation Skills,Languages & Communication,IT Support & Networking,Technical Skills,,"Sunday, Wednesday, Friday, Monday"
338,Adeel Malik,Male,23,Public Speaking & Presentation Skills,Languages & Communication,Fitness & Yoga,Personal Development,,"Saturday, Friday, Tuesday, Wednesday, Thursday"
339,Adeel Malik,Male,21,Web Design & Development,Technical Skills,Photography,Creative Skills,,"Sunday, Saturday"
340,Hamza Tariq,Male,19,Baking & Cooking,Culinary Skills,Photography,Creative Skills,,"Wednesday, Thursday, Tuesday"
341,Rabia Tariq,Female,20,Programming & Software Development,Technical Skills,Graphic Design,Creative Skills,,"Tuesday, Sunday"
342,Fahad Javed,Male,21,Event Planning,Personal Development,IT Support & Networking,Technical Skills,,"Saturday, Thursday, Tuesday, Wednesday, Monday"
343,Sana Khan,Female,24,Mindfulness & Wellness,Personal Development,Painting & Drawing,Creative Skills,,"Monday, Saturday"
344,Noor Usman,Female,24,Chess,Hobbies & Recreation,Calligraphy,Creative Skills,,"Tuesday, Sunday, Saturday, Friday"
345,Ahmed Khan,Male,21,Dancing (Salsa),Hobbies & Recreation,Photography,Creative Skills,,"Sunday, Wednesday, Friday, Tuesday"
346,Rabia Tariq,Female,23,Event Planning,Personal Development,Gardening & Landscaping,Hobbies & Recreation,,"Friday, Wednesday, Monday, Saturday, Thursday"
347,Ahmed Khan,Male,24,Data Analysis & Visualization,Technical Skills,Painting & Drawing,Creative Skills,,"Wednesday, Tuesday"
348,Fatima Hassan,Female,20,IT Support & Networking,Technical Skills,Programming & Software Development,Technical Skills,,"Sunday, Wednesday, Monday"
349,Rabia Tariq,Female,23,Painting & Drawing,Creative Skills,Photography,Creative Skills,,"Monday, Thursday"
350,Maria Javed,Female,21,Chess,Hobbies & Recreation,IT Support & Networking,Technical Skills,,"Wednesday, Monday, Thursday, Tuesday"
351,Bilal Ahmed,Male,18,Painting & Drawing,Creative Skills,Mindfulness & Wellness,Personal Development,,"Sunday, Monday, Thursday, Friday"
352,Rabia Tariq,Female,18,Sewing,Hobbies & Recreation,Gardening & Landscaping,Hobbies & Recreation,,"Saturday, Wednesday, Sunday, Friday, Thursday"
353,Amna Malik,Female,18,Food Decoration,Culinary Skills,Gardening & Landscaping,Hobbies & Recreation,,"Friday, Saturday, Tuesday, Wednesday, Thursday"
354,Rabia Tariq,Female,24,Foreign Languages (English),Languages & Communication,Public Speaking & Presentation Skills,Languages & Communication,,"Saturday, Tuesday"
355,Adeel Malik,Male,21,Foreign Languages (English),Languages & Communication,Fitness & Yoga,Personal Development,,"Tuesday, Saturday, Wednesday"
356,Noor Usman,Female,21,Food Decoration,Culinary Skills,Public Speaking & Presentation Skills,Languages & Communication,,"Monday, Saturday, Wednesday, Friday, Sunday"
357,Amna Malik,Female,20,Event Planning,Personal Development,Public Speaking & Presentation Skills,Languages & Communication,,"Saturday, Wednesday"
358,Ali Raza,Male,24,Calligraphy,Creative Skills,Food Decoration,Culinary Skills,,"Tuesday, Wednesday, Friday"
359,Zainab Siddiqui,Female,24,Data Analysis & Visualization,Technical Skills,Writing for Business,Languages & Communication,,"Wednesday, Tuesday, Saturday"
360,Iqra Farooq,Female,22,Time Management & Productivity,Personal Development,IT Support & Networking,Technical Skills,,"Wednesday, Saturday"
361,Fahad Javed,Male,20,Mindfulness & Wellness,Personal Development,Chess,Hobbies & Recreation,,"Thursday, Monday, Tuesday, Wednesday, Saturday"
362,Usman Iqbal,Male,21,Dancing (Salsa),Hobbies & Recreation,Sewing,Hobbies & Recreation,,"Monday, Wednesday"
363,Sana Khan,Female,22,Gardening & Landscaping,Hobbies & Recreation,Calligraphy,Creative Skills,,"Thursday, Friday, Tuesday, Saturday"
364,Noor Usman,Female,18,Fitness & Yoga,Personal Development,Baking & Cooking,Culinary Skills,,"Friday, Saturday, Sunday, Tuesday, Thursday"
365,Noor Usman,Female,21,Dancing (Salsa),Hobbies & Recreation,Sewing,Hobbies & Recreation,,"Monday, Saturday"
366,Ali Raza,Male,21,Fitness & Yoga,Personal Development,Mindfulness & Wellness,Personal Development,,"Monday, Wednesday, Saturday, Sunday, Thursday"
367,Fatima Hassan,Female,21,Dancing (Salsa),Hobbies & Recreation,Graphic Design,Creative Skills,,"Friday, Monday, Wednesday"
368,Iqra Farooq,Female,18,Public Speaking & Presentation Skills,Languages & Communication,Graphic Design,Creative Skills,,"Friday, Saturday, Wednesday, Monday, Tuesday"
369,Zubair Siddiqui,Male,21,Web Design & Development,Technical Skills,Chess,Hobbies & Recreation,,"Sunday, Tuesday"
370,Bilal Ahmed,Male,18,Painting & Drawing,Creative Skills,Baking & Cooking,Culinary Skills,,"Wednesday, Thursday, Monday"
371,Zainab Siddiqui,Female,22,Gardening & Landscaping,Hobbies & Recreation,Baking & Cooking,Culinary Skills,,"Friday, Sunday"
372,Ali Raza,Male,21,Photography,Creative Skills,Event Planning,Personal Development,,"Tuesday, Thursday, Friday"
373,Fatima Hassan,Female,21,Programming & Software Development,Technical Skills,Gardening & Landscaping,Hobbies & Recreation,,"Thursday, Friday"
374,Maria Javed,Female,22,Calligraphy,Creative Skills,IT Support & Networking,Technical Skills,,"Thursday, Wednesday, Saturday"
375,Hassan Ali,Male,24,Baking & Cooking,Culinary Skills,Foreign Languages (English),Languages & Communication,,"Tuesday, Wednesday, Friday, Saturday"
376,Adeel Malik,Male,22,Foreign Languages (English),Languages & Communication,Writing for Business,Languages & Communication,,"Wednesday, Monday, Saturday, Thursday"
377,Ahmed Khan,Male,21,Event Planning,Personal Development,Public Speaking & Presentation Skills,Languages & Communication,,"Friday, Tuesday, Saturday, Thursday, Monday"
378,Ahmed Khan,Male,20,Painting & Drawing,Creative Skills,Time Management & Productivity,Personal Development,,"Thursday, Saturday, Sunday"
379,Fatima Hassan,Female,18,Web Design & Development,Technical Skills,Programming & Software Development,Technical Skills,,"Tuesday, Sunday, Thursday, Friday, Monday"
380,Hira Ali,Female,22,Time Management & Productivity,Personal Development,Foreign Languages (English),Languages & Communication,,"Wednesday, Friday"
381,Maria Javed,Female,20,Food Decoration,Culinary Skills,Foreign Languages (English),Languages & Communication,,"Friday, Sunday"
382,Ayesha Ahmed,Female,23,Gardening & Landscaping,Hobbies & Recreation,Chess,Hobbies & Recreation,,"Thursday, Sunday, Wednesday"
383,Ayesha Ahmed,Female,24,Public Speaking & Presentation Skills,Languages & Communication,Writing for Business,Languages & Communication,,"Monday, Tuesday, Friday, Sunday"
384,Hamza Tariq,Male,24,Photography,Creative Skills,Graphic Design,Creative Skills,,"Thursday, Tuesday, Saturday, Wednesday"
385,Hassan Ali,Male,22,Photography,Creative Skills,Dancing (Salsa),Hobbies & Recreation,,"Friday, Wednesday, Tuesday"
386,Ali Raza,Male,23,Chess,Hobbies & Recreation,Fitness & Yoga,Personal Development,,"Friday, Thursday"
387,Ali Raza,Male,21,IT Support & Networking,Technical Skills,Food Decoration,Culinary Skills,,"Tuesday, Friday, Wednesday, Monday"
388,Hamza Tariq,Male,24,Programming & Software Development,Technical Skills,Public Speaking & Presentation Skills,Languages & Communication,,"Sunday, Saturday, Monday"
389,Ahmed Khan,Male,19,Event Planning,Personal Development,Public Speaking & Presentation Skills,Languages & Communication,,"Tuesday, Monday, Saturday"
390,Maria Javed,Female,18,Public Speaking & Presentation Skills,Languages & Communication,IT Support & Networking,Technical Skills,,"Wednesday, Thursday, Friday, Sunday, Monday"
391,Danish Farooq,Male,23,Food Decoration,Culinary Skills,Graphic Design,Creative Skills,,"Saturday, Monday"
392,Danish Farooq,Male,24,Graphic Design,Creative Skills,Writing for Business,Languages & Communication,,"Thursday, Wednesday"
393,Ahmed Khan,Male,22,IT Support & Networking,Technical Skills,Time Management & Productivity,Personal Development,,"Saturday, Friday, Wednesday, Tuesday, Thursday"
394,Fahad Javed,Male,19,Graphic Design,Creative Skills,Food Decoration,Culinary Skills,,"Friday, Wednesday"
395,Ayesha Ahmed,Female,21,Foreign Languages (English),Languages & Communication,Web Design & Development,Technical Skills,,"Sunday, Thursday, Wednesday, Monday"
396,Zainab Siddiqui,Female,18,Writing for Business,Languages & Communication,Food Decoration,Culinary Skills,,"Saturday, Friday, Monday, Wednesday, Tuesday"
397,Usman Iqbal,Male,21,Photography,Creative Skills,Web Design & Development,Technical Skills,,"Tuesday, Saturday, Friday, Wednesday"
398,Zainab Siddiqui,Female,21,Photography,Creative Skills,Event Planning,Personal Development,,"Tuesday, Friday"
399,Rabia Tariq,Female,21,Baking & Cooking,Culinary Skills,Painting & Drawing,Creative Skills,,"Monday, Tuesday, Thursday, Saturday"
400,Maria Javed,Female,20,Baking & Cooking,Culinary Skills,IT Support & Networking,Technical Skills,,"Thursday, Wednesday, Monday, Saturday, Friday"
401,Maria Javed,Female,22,Photography,Creative Skills,Data Analysis & Visualization,Technical Skills,,"Wednesday, Saturday, Sunday"
402,Amna Malik,Female,23,Food Decoration,Culinary Skills,Sewing,Hobbies & Recreation,,"Thursday, Tuesday, Friday, Saturday, Sunday"
403,Sana Khan,Female,23,Dancing (Salsa),Hobbies & Recreation,Calligraphy,Creative Skills,,"Thursday, Tuesday, Friday, Saturday"
404,Zubair Siddiqui,Male,18,Photography,Creative Skills,Web Design & Development,Technical Skills,,"Wednesday, Monday, Thursday, Tuesday"
405,Adeel Malik,Male,19,Public Speaking & Presentation Skills,Languages & Communication,Baking & Cooking,Culinary Skills,,"Friday, Wednesday"
406,Maria Javed,Female,21,Food Decoration,Culinary Skills,Mindfulness & Wellness,Personal Development,,"Friday, Monday, Sunday"
407,Zainab Siddiqui,Female,19,Baking & Cooking,Culinary Skills,Web Design & Development,Technical Skills,,"Sunday, Saturday, Friday, Thursday"
408,Ali Raza,Male,18,Foreign Languages (English),Languages & Communication,Painting & Drawing,Creative Skills,,"Tuesday, Friday, Thursday, Wednesday"
409,Ahmed Khan,Male,24,Graphic Design,Creative Skills,Programming & Software Development,Technical Skills,,"Wednesday, Friday, Saturday"
410,Hamza Tariq,Male,21,Event Planning,Personal Development,Programming & Software Development,Technical Skills,,"Sunday, Friday, Monday, Thursday"
411,Iqra Farooq,Female,21,Writing for Business,Languages & Communication,Gardening & Landscaping,Hobbies & Recreation,,"Sunday, Thursday, Monday, Saturday"
412,Fahad Javed,Male,23,Food Decoration,Culinary Skills,Gardening & Landscaping,Hobbies & Recreation,,"Thursday, Friday, Saturday, Sunday"
413,Hira Ali,Female,18,Foreign Languages (English),Languages & Communication,Baking & Cooking,Culinary Skills,,"Thursday, Tuesday, Sunday, Wednesday"
414,Hamza Tariq,Male,18,Foreign Languages (English),Languages & Communication,Food Decoration,Culinary Skills,,"Monday, Wednesday, Friday"
415,Amna Malik,Female,23,Public Speaking & Presentation Skills,Languages & Communication,Data Analysis & Visualization,Technical Skills,,"Monday, Tuesday, Friday, Saturday, Sunday"
416,Hamza Tariq,Male,23,Dancing (Salsa),Hobbies & Recreation,Writing for Business,Languages & Communication,,"Tuesday, Thursday"
417,Ali Raza,Male,20,Baking & Cooking,Culinary Skills,Fitness & Yoga,Personal Development,,"Tuesday, Wednesday, Friday, Sunday, Thursday"
418,Adeel Malik,Male,23,Gardening & Landscaping,Hobbies & Recreation,Baking & Cooking,Culinary Skills,,"Monday, Saturday, Wednesday, Thursday, Sunday"
419,Hamza Tariq,Male,22,Dancing (Salsa),Hobbies & Recreation,Foreign Languages (English),Languages & Communication,,"Monday, Friday"
420,Noor Usman,Female,23,Sewing,Hobbies & Recreation,Graphic Design,Creative Skills,,"Wednesday, Thursday, Tuesday, Sunday, Saturday"
421,Usman Iqbal,Male,23,Event Planning,Personal Development,Data Analysis & Visualization,Technical Skills,,"Tuesday, Friday, Monday, Wednesday"
422,Bilal Ahmed,Male,19,Event Planning,Personal Development,Food Decoration,Culinary Skills,,"Saturday, Tuesday"
423,Zubair Siddiqui,Male,20,Baking & Cooking,Culinary Skills,Calligraphy,Creative Skills,,"Thursday, Sunday, Wednesday, Tuesday"
424,Maria Javed,Female,21,Baking & Cooking,Culinary Skills,Food Decoration,Culinary Skills,,"Tuesday, Wednesday"
425,Sana Khan,Female,18,Baking & Cooking,Culinary Skills,Sewing,Hobbies & Recreation,,"Sunday, Tuesday"
426,Iqra Farooq,Female,20,Programming & Software Development,Technical Skills,IT Support & Networking,Technical Skills,,"Friday, Wednesday, Tuesday, Sunday"
427,Hira Ali,Female,21,Foreign Languages (English),Languages & Communication,Painting & Drawing,Creative Skills,,"Tuesday, Sunday"
428,Zainab Siddiqui,Female,21,Photography,Creative Skills,IT Support & Networking,Technical Skills,,"Wednesday, Sunday, Thursday, Monday, Friday"
429,Usman Iqbal,Male,23,Calligraphy,Creative Skills,Baking & Cooking,Culinary Skills,,"Monday, Sunday, Wednesday, Tuesday, Saturday"
430,Zubair Siddiqui,Male,20,Data Analysis & Visualization,Technical Skills,Sewing,Hobbies & Recreation,,"Wednesday, Tuesday, Monday, Saturday, Thursday"
431,Ali Raza,Male,18,Web Design & Development,Technical Skills,Food Decoration,Culinary Skills,,"Monday, Saturday, Tuesday, Thursday"
432,Maria Javed,Female,24,Mindfulness & Wellness,Personal Development,IT Support & Networking,Technical Skills,,"Thursday, Friday, Wednesday"
433,Ahmed Khan,Male,18,Sewing,Hobbies & Recreation,Mindfulness & Wellness,Personal Development,,"Wednesday, Thursday, Monday, Sunday"
434,Usman Iqbal,Male,18,Calligraphy,Creative Skills,Web Design & Development,Technical Skills,,"Sunday, Tuesday, Friday, Thursday, Wednesday"
435,Zainab Siddiqui,Female,23,Sewing,Hobbies & Recreation,Painting & Drawing,Creative Skills,,"Thursday, Wednesday, Friday, Sunday"
436,Maria Javed,Female,20,Time Management & Productivity,Personal Development,Photography,Creative Skills,,"Saturday, Wednesday, Sunday, Friday, Monday"
437,Usman Iqbal,Male,21,Fitness & Yoga,Personal Development,Calligraphy,Creative Skills,,"Friday, Wednesday"
438,Sana Khan,Female,18,Sewing,Hobbies & Recreation,Gardening & Landscaping,Hobbies & Recreation,,"Friday, Saturday, Monday, Tuesday"
439,Fahad Javed,Male,22,Time Management & Productivity,Personal Development,IT Support & Networking,Technical Skills,,"Tuesday, Friday, Thursday, Saturday, Monday"
440,Maria Javed,Female,22,Web Design & Development,Technical Skills,Fitness & Yoga,Personal Development,,"Sunday, Wednesday, Monday, Tuesday, Saturday"
441,Sana Khan,Female,23,Writing for Business,Languages & Communication,Mindfulness & Wellness,Personal Development,,"Wednesday, Friday, Saturday, Sunday, Tuesday"
442,Ahmed Khan,Male,22,Mindfulness & Wellness,Personal Development,Fitness & Yoga,Personal Development,,"Friday, Thursday"
443,Zubair Siddiqui,Male,20,Mindfulness & Wellness,Personal Development,Gardening & Landscaping,Hobbies & Recreation,,"Wednesday, Tuesday, Sunday"
444,Rabia Tariq,Female,19,Time Management & Productivity,Personal Development,Calligraphy,Creative Skills,,"Wednesday, Friday"
445,Adeel Malik,Male,19,Photography,Creative Skills,Food Decoration,Culinary Skills,,"Friday, Sunday, Tuesday"
446,Adeel Malik,Male,21,Public Speaking & Presentation Skills,Languages & Communication,Sewing,Hobbies & Recreation,,"Tuesday, Sunday, Friday, Monday"
447,Hamza Tariq,Male,20,Food Decoration,Culinary Skills,Dancing (Salsa),Hobbies & Recreation,,"Tuesday, Sunday, Saturday, Friday"
448,Danish Farooq,Male,18,Data Analysis & Visualization,Technical Skills,Baking & Cooking,Culinary Skills,,"Wednesday, Sunday, Monday, Thursday, Tuesday"
449,Hamza Tariq,Male,23,Foreign Languages (English),Languages & Communication,Sewing,Hobbies & Recreation,,"Saturday, Monday, Sunday"
450,Adeel Malik,Male,20,Programming & Software Development,Technical Skills,Writing for Business,Languages & Communication,,"Saturday, Wednesday, Friday"
451,Noor Usman,Female,23,Photography,Creative Skills,Food Decoration,Culinary Skills,,"Monday, Wednesday"
452,Zainab Siddiqui,Female,24,Time Management & Productivity,Personal Development,Chess,Hobbies & Recreation,,"Saturday, Sunday, Wednesday, Tuesday"
453,Ali Raza,Male,19,Gardening & Landscaping,Hobbies & Recreation,Chess,Hobbies & Recreation,,"Wednesday, Monday, Tuesday"
454,Noor Usman,Female,21,Writing for Business,Languages & Communication,Web Design & Development,Technical Skills,,"Wednesday, Sunday, Thursday"
455,Maria Javed,Female,24,Sewing,Hobbies & Recreation,Dancing (Salsa),Hobbies & Recreation,,"Saturday, Tuesday"
456,Zainab Siddiqui,Female,23,Photography,Creative Skills,Calligraphy,Creative Skills,,"Sunday, Thursday, Saturday, Tuesday, Friday"
457,Zainab Siddiqui,Female,18,Baking & Cooking,Culinary Skills,Food Decoration,Culinary Skills,,"Wednesday, Monday, Saturday, Tuesday"
458,Hassan Ali,Male,19,Event Planning,Personal Development,Data Analysis & Visualization,Technical Skills,,"Tuesday, Wednesday"
459,Fatima Hassan,Female,21,Chess,Hobbies & Recreation,Sewing,Hobbies & Recreation,,"Saturday, Tuesday"
460,Zubair Siddiqui,Male,21,Public Speaking & Presentation Skills,Languages & Communication,Mindfulness & Wellness,Personal Development,,"Tuesday, Thursday, Sunday, Friday, Saturday"
461,Hira Ali,Female,24,Dancing (Salsa),Hobbies & Recreation,Calligraphy,Creative Skills,,"Wednesday, Saturday"
462,Noor Usman,Female,21,Foreign Languages (English),Languages & Communication,Sewing,Hobbies & Recreation,,"Monday, Friday"
463,Sana Khan,Female,22,IT Support & Networking,Technical Skills,Programming & Software Development,Technical Skills,,"Thursday, Friday, Saturday, Monday, Tuesday"
464,Ali Raza,Male,18,Sewing,Hobbies & Recreation,Food Decoration,Culinary Skills,,"Monday, Saturday, Sunday, Wednesday"
465,Usman Iqbal,Male,18,Gardening & Landscaping,Hobbies & Recreation,Food Decoration,Culinary Skills,,"Saturday, Sunday"
466,Ahmed Khan,Male,23,Food Decoration,Culinary Skills,IT Support & Networking,Technical Skills,,"Monday, Saturday, Sunday"
467,Hamza Tariq,Male,22,Baking & Cooking,Culinary Skills,Mindfulness & Wellness,Personal Development,,"Sunday, Thursday, Saturday, Friday"
468,Ahmed Khan,Male,24,Time Management & Productivity,Personal Development,Event Planning,Personal Development,,"Tuesday, Monday, Sunday"
469,Hassan Ali,Male,23,Dancing (Salsa),Hobbies & Recreation,Event Planning,Personal Development,,"Sunday, Monday"
470,Rabia Tariq,Female,18,IT Support & Networking,Technical Skills,Painting & Drawing,Creative Skills,,"Monday, Sunday, Saturday, Friday, Wednesday"
471,Hira Ali,Female,24,Sewing,Hobbies & Recreation,Food Decoration,Culinary Skills,,"Tuesday, Sunday, Friday, Wednesday"
472,Zainab Siddiqui,Female,20,IT Support & Networking,Technical Skills,Writing for Business,Languages & Communication,,"Wednesday, Sunday, Monday, Tuesday"
473,Noor Usman,Female,23,Mindfulness & Wellness,Personal Development,Writing for Business,Languages & Communication,,"Friday, Sunday, Saturday, Wednesday, Thursday"
474,Fahad Javed,Male,19,Baking & Cooking,Culinary Skills,Foreign Languages (English),Languages & Communication,,"Monday, Friday, Saturday, Sunday, Tuesday"
475,Bilal Ahmed,Male,24,Graphic Design,Creative Skills,Sewing,Hobbies & Recreation,,"Friday, Monday, Wednesday, Sunday, Saturday"
476,Fatima Hassan,Female,20,Event Planning,Personal Development,Fitness & Yoga,Personal Development,,"Thursday, Saturday"
477,Usman Iqbal,Male,23,Photography,Creative Skills,Calligraphy,Creative Skills,,"Tuesday, Monday, Friday, Saturday"
478,Ali Raza,Male,23,Photography,Creative Skills,Public Speaking & Presentation Skills,Languages & Communication,,"Sunday, Wednesday, Saturday, Monday"
479,Usman Iqbal,Male,20,Food Decoration,Culinary Skills,Baking & Cooking,Culinary Skills,,"Thursday, Friday, Tuesday"
480,Ahmed Khan,Male,19,Baking & Cooking,Culinary Skills,Graphic Design,Creative Skills,,"Friday, Wednesday"
481,Hira Ali,Female,23,Dancing (Salsa),Hobbies & Recreation,Data Analysis & Visualization,Technical Skills,,"Sunday, Friday, Monday, Saturday"
482,Bilal Ahmed,Male,21,Time Management & Productivity,Personal Development,Fitness & Yoga,Personal Development,,"Sunday, Tuesday, Monday, Thursday, Wednesday"
483,Noor Usman,Female,18,Baking & Cooking,Culinary Skills,Photography,Creative Skills,,"Sunday, Saturday, Wednesday"
484,Adeel Malik,Male,21,Time Management & Productivity,Personal Development,Photography,Creative Skills,,"Monday, Saturday, Thursday, Sunday"
485,Iqra Farooq,Female,19,Food Decoration,Culinary Skills,Photography,Creative Skills,,"Monday, Thursday"
486,Maria Javed,Female,21,Baking & Cooking,Culinary Skills,Time Management & Productivity,Personal Development,,"Monday, Thursday, Saturday"
487,Ahmed Khan,Male,20,Food Decoration,Culinary Skills,Web Design & Development,Technical Skills,,"Friday, Sunday"
488,Usman Iqbal,Male,20,Graphic Design,Creative Skills,Web Design & Development,Technical Skills,,"Tuesday, Sunday, Friday"
489,Hassan Ali,Male,22,Writing for Business,Languages & Communication,Baking & Cooking,Culinary Skills,,"Saturday, Thursday, Sunday"
490,Ayesha Ahmed,Female,20,Data Analysis & Visualization,Technical Skills,Graphic Design,Creative Skills,,"Friday, Saturday, Monday, Wednesday, Sunday"
491,Zainab Siddiqui,Female,20,IT Support & Networking,Technical Skills,Food Decoration,Culinary Skills,,"Wednesday, Tuesday"
492,Danish Farooq,Male,20,Dancing (Salsa),Hobbies & Recreation,IT Support & Networking,Technical Skills,,"Wednesday, Friday, Sunday"
493,Ali Raza,Male,18,Baking & Cooking,Culinary Skills,Chess,Hobbies & Recreation,,"Tuesday, Thursday, Wednesday"
494,Hira Ali,Female,24,Photography,Creative Skills,Foreign Languages (English),Languages & Communication,,"Wednesday, Sunday"
495,Maria Javed,Female,20,Event Planning,Personal Development,Time Management & Productivity,Personal Development,,"Friday, Thursday, Sunday"
496,Hassan Ali,Male,20,Painting & Drawing,Creative Skills,Data Analysis & Visualization,Technical Skills,,"Sunday, Friday"
497,Ahmed Khan,Male,23,Web Design & Development,Technical Skills,Food Decoration,Culinary Skills,,"Sunday, Friday, Wednesday, Monday"
498,Maria Javed,Female,24,Fitness & Yoga,Personal Development,Gardening & Landscaping,Hobbies & Recreation,,"Saturday, Tuesday, Sunday"
499,Fahad Javed,Male,23,Writing for Business,Languages & Communication,Programming & Software Development,Technical Skills,,"Tuesday, Monday, Sunday"
500,Zubair Siddiqui,Male,21,Photography,Creative Skills,Food Decoration,Culinary Skills,,"Saturday, Sunday, Tuesday, Friday"
